Last Name,First Name,Email Address,Grade
Busby,Thea,BusbyT@fakeCollege.ac.uk,11
Beach,Shelbie,BeachS@fakeCollege.ac.uk,8
Bowers,Jocelyn,BowersJ@fakeCollege.ac.uk,4
Larson,Safiyyah,LarsonS@fakeCollege.ac.uk,15
Hope,Tomasz,HopeT@fakeCollege.ac.uk,12
Mathis,Montel,MathisM@fakeCollege.ac.uk,4
Moody,Jordan,MoodyJ@fakeCollege.ac.uk,5
Parks,Derren,ParksD@fakeCollege.ac.uk,1
Coffey,Devante,CoffeyD@fakeCollege.ac.uk,7
Gomez,Dione,GomezD@fakeCollege.ac.uk,14
Rojas,Maureen,RojasM@fakeCollege.ac.uk,2
Lee,Jimmy,LeeJ@fakeCollege.ac.uk,4
Webber,Michelle,WebberM@fakeCollege.ac.uk,10
Wolf,Kade,WolfK@fakeCollege.ac.uk,11
Waters,Adem,WatersA@fakeCollege.ac.uk,10
Smyth,Ian,SmythI@fakeCollege.ac.uk,2
Butt,Ravinder,ButtR@fakeCollege.ac.uk,5
Partridge,Connor,PartridgeC@fakeCollege.ac.uk,11
Couch,Brent,CouchB@fakeCollege.ac.uk,8
Lindsay,Janice,LindsayJ@fakeCollege.ac.uk,1
Macdonald,Ellesha,MacdonaldE@fakeCollege.ac.uk,7
Payne,Annie,PayneA@fakeCollege.ac.uk,6
Townsend,Abdur-Rahman,TownsendA@fakeCollege.ac.uk,4
Nielsen,Lee,NielsenL@fakeCollege.ac.uk,0
Bradford,Madeeha,BradfordM@fakeCollege.ac.uk,6
Lozano,Ezra,LozanoE@fakeCollege.ac.uk,11
English,Nate,EnglishN@fakeCollege.ac.uk,10
James,Alayna,JamesA@fakeCollege.ac.uk,6
Cortes,Martha,CortesM@fakeCollege.ac.uk,4
May,Makenzie,MayM@fakeCollege.ac.uk,2
Soto,Miah,SotoM@fakeCollege.ac.uk,10
Henry,Katie,HenryK@fakeCollege.ac.uk,14
Harmon,Darcy,HarmonD@fakeCollege.ac.uk,14
Callahan,Aimee,CallahanA@fakeCollege.ac.uk,14
Lamb,Konnor,LambK@fakeCollege.ac.uk,13
Montoya,Elli,MontoyaE@fakeCollege.ac.uk,4
Swan,Harrison,SwanH@fakeCollege.ac.uk,7
Thomas,Jagoda,ThomasJ@fakeCollege.ac.uk,8
Dalton,Aleyna,DaltonA@fakeCollege.ac.uk,2
Whelan,Shamas,WhelanS@fakeCollege.ac.uk,14
Neale,Lindsay,NealeL@fakeCollege.ac.uk,2
Bush,Shania,BushS@fakeCollege.ac.uk,2
Welsh,Ciaron,WelshC@fakeCollege.ac.uk,14
O'Quinn,Cassandra,O'QuinnC@fakeCollege.ac.uk,2
Dawson,Courtney,DawsonC@fakeCollege.ac.uk,11
Armitage,Aubrey,ArmitageA@fakeCollege.ac.uk,3
Britt,Isaiah,BrittI@fakeCollege.ac.uk,2
Cabrera,Zakariyah,CabreraZ@fakeCollege.ac.uk,8
Peralta,Jadon,PeraltaJ@fakeCollege.ac.uk,2
Daniels,Atticus,DanielsA@fakeCollege.ac.uk,8
Powell,Jordi,PowellJ@fakeCollege.ac.uk,10
Kelly,Jon-Paul,KellyJ@fakeCollege.ac.uk,10
Mckinney,Mario,MckinneyM@fakeCollege.ac.uk,11
Wagner,River,WagnerR@fakeCollege.ac.uk,4
Hackett,Keaton,HackettK@fakeCollege.ac.uk,10
Singh,Fox,SinghF@fakeCollege.ac.uk,3
Stubbs,Codie,StubbsC@fakeCollege.ac.uk,8
Montes,Kie,MontesK@fakeCollege.ac.uk,1
Dunn,Devin,DunnD@fakeCollege.ac.uk,0
Knights,Hadley,KnightsH@fakeCollege.ac.uk,10
Rennie,Ezekiel,RennieE@fakeCollege.ac.uk,7
Stone,Isabell,StoneI@fakeCollege.ac.uk,1
Tapia,Jodie,TapiaJ@fakeCollege.ac.uk,11
Dalby,Kishan,DalbyK@fakeCollege.ac.uk,7
Bob,Millie-Mae,BobM@fakeCollege.ac.uk,12
Francis,Huma,FrancisH@fakeCollege.ac.uk,15
Petty,Ahmad,PettyA@fakeCollege.ac.uk,10
Branch,Umer,BranchU@fakeCollege.ac.uk,5
Case,Virginia,CaseV@fakeCollege.ac.uk,3
Bateman,Brodie,BatemanB@fakeCollege.ac.uk,7
Miles,Sachin,MilesS@fakeCollege.ac.uk,12
Lovell,Rahma,LovellR@fakeCollege.ac.uk,10
Green,Roger,GreenR@fakeCollege.ac.uk,6
Perez,Paolo,PerezP@fakeCollege.ac.uk,10
Wise,Tracey,WiseT@fakeCollege.ac.uk,14
Wharton,Asiyah,WhartonA@fakeCollege.ac.uk,9
Mcdonald,Riya,McdonaldR@fakeCollege.ac.uk,11
Guy,Penelope,GuyP@fakeCollege.ac.uk,5
Lister,Frederic,ListerF@fakeCollege.ac.uk,0
Horner,Braydon,HornerB@fakeCollege.ac.uk,8
Donaldson,Najma,DonaldsonN@fakeCollege.ac.uk,8
Campos,Christina,CamposC@fakeCollege.ac.uk,13
Bonilla,Leonard,BonillaL@fakeCollege.ac.uk,1
Burris,Amna,BurrisA@fakeCollege.ac.uk,12
Farrell,Chanice,FarrellC@fakeCollege.ac.uk,4
Daly,Sarah-Louise,DalyS@fakeCollege.ac.uk,9
Avery,Santino,AveryS@fakeCollege.ac.uk,15
Mcgee,Skylar,McgeeS@fakeCollege.ac.uk,15
Rasmussen,Edith,RasmussenE@fakeCollege.ac.uk,15
Moreno,Asha,MorenoA@fakeCollege.ac.uk,14
Matthews,Kayla,MatthewsK@fakeCollege.ac.uk,14
Schultz,Caleb,SchultzC@fakeCollege.ac.uk,3
Irwin,Riccardo,IrwinR@fakeCollege.ac.uk,5
Fletcher,June,FletcherJ@fakeCollege.ac.uk,6
Fuller,Armaan,FullerA@fakeCollege.ac.uk,6
Hopper,Rubie,HopperR@fakeCollege.ac.uk,11
Mcbride,Mayson,McbrideM@fakeCollege.ac.uk,2
Whittle,Jacqueline,WhittleJ@fakeCollege.ac.uk,10
Huynh,Griff,HuynhG@fakeCollege.ac.uk,14
Tang,Perry,TangP@fakeCollege.ac.uk,10
Coleman,Ariel,ColemanA@fakeCollege.ac.uk,1
Russo,Brenda,RussoB@fakeCollege.ac.uk,9
Gentry,Christine,GentryC@fakeCollege.ac.uk,11
Lucas,Lyla-Rose,LucasL@fakeCollege.ac.uk,4
Bennett,Zakariya,BennettZ@fakeCollege.ac.uk,11
Hart,Hamid,HartH@fakeCollege.ac.uk,11
Richard,Mila,RichardM@fakeCollege.ac.uk,10
Schmitt,Theodore,SchmittT@fakeCollege.ac.uk,10
Carpenter,Eli,CarpenterE@fakeCollege.ac.uk,6
Rivera,Madison,RiveraM@fakeCollege.ac.uk,4
Sweeney,Sahara,SweeneyS@fakeCollege.ac.uk,11
Dickson,Ellenor,DicksonE@fakeCollege.ac.uk,12
Benton,Eloise,BentonE@fakeCollege.ac.uk,9
Chadwick,Sunil,ChadwickS@fakeCollege.ac.uk,4
Hickman,Layla,HickmanL@fakeCollege.ac.uk,5
Merritt,Rebekah,MerrittR@fakeCollege.ac.uk,4
Gomez,Zhane,GomezZ@fakeCollege.ac.uk,3
Curtis,Charly,CurtisC@fakeCollege.ac.uk,14
Marriott,Fletcher,MarriottF@fakeCollege.ac.uk,0
Finley,Amelia-Mae,FinleyA@fakeCollege.ac.uk,6
Bannister,Leroy,BannisterL@fakeCollege.ac.uk,9
Prentice,Stacy,PrenticeS@fakeCollege.ac.uk,0
Strong,Karina,StrongK@fakeCollege.ac.uk,13
Guzman,Garrett,GuzmanG@fakeCollege.ac.uk,13
Ayers,Zac,AyersZ@fakeCollege.ac.uk,6
Hurley,Betsy,HurleyB@fakeCollege.ac.uk,6
Rose,Viaan,RoseV@fakeCollege.ac.uk,6
Wilkins,Kieran,WilkinsK@fakeCollege.ac.uk,12
Rowland,Jayson,RowlandJ@fakeCollege.ac.uk,2
Ferry,Reece,FerryR@fakeCollege.ac.uk,8
Watt,Bessie,WattB@fakeCollege.ac.uk,5
Quintana,Alessia,QuintanaA@fakeCollege.ac.uk,6
Perez,Jean,PerezJ@fakeCollege.ac.uk,14
Franks,Nada,FranksN@fakeCollege.ac.uk,5
Atherton,Aran,AthertonA@fakeCollege.ac.uk,5
Johns,Eman,JohnsE@fakeCollege.ac.uk,6
Santos,Davina,SantosD@fakeCollege.ac.uk,1
Allen,Yuvaan,AllenY@fakeCollege.ac.uk,13
Harvey,Jaime,HarveyJ@fakeCollege.ac.uk,10
Butt,Isabell,ButtI@fakeCollege.ac.uk,5
Ryan,Niyah,RyanN@fakeCollege.ac.uk,4
Brookes,Ainsley,BrookesA@fakeCollege.ac.uk,1
Holloway,Anand,HollowayA@fakeCollege.ac.uk,5
Ortiz,Omer,OrtizO@fakeCollege.ac.uk,14
Preece,Jada,PreeceJ@fakeCollege.ac.uk,7
Riggs,Olivia,RiggsO@fakeCollege.ac.uk,13
Hamer,Belinda,HamerB@fakeCollege.ac.uk,15
Barclay,Cem,BarclayC@fakeCollege.ac.uk,13
Lennon,Jeanette,LennonJ@fakeCollege.ac.uk,10
Hull,Saffa,HullS@fakeCollege.ac.uk,8
Odonnell,Tamera,OdonnellT@fakeCollege.ac.uk,10
Kent,Nadeem,KentN@fakeCollege.ac.uk,4
Lancaster,Irving,LancasterI@fakeCollege.ac.uk,7
Burch,Liya,BurchL@fakeCollege.ac.uk,13
Delgado,Caris,DelgadoC@fakeCollege.ac.uk,6
Stanton,Judy,StantonJ@fakeCollege.ac.uk,8
Solomon,Vivien,SolomonV@fakeCollege.ac.uk,0
Mcnally,Kit,McnallyK@fakeCollege.ac.uk,6
Muir,Nuala,MuirN@fakeCollege.ac.uk,3
Stanley,Heather,StanleyH@fakeCollege.ac.uk,9
Oliver,Benny,OliverB@fakeCollege.ac.uk,3
Adam,Rae,AdamR@fakeCollege.ac.uk,8
Blankenship,Harper-Rose,BlankenshipH@fakeCollege.ac.uk,11
Spooner,Conal,SpoonerC@fakeCollege.ac.uk,0
Rios,Oisin,RiosO@fakeCollege.ac.uk,7
Rodrigues,Alessandro,RodriguesA@fakeCollege.ac.uk,15
Harris,Patience,HarrisP@fakeCollege.ac.uk,10
Price,Donna,PriceD@fakeCollege.ac.uk,1
Griffiths,Margo,GriffithsM@fakeCollege.ac.uk,2
Mckee,Lisa,MckeeL@fakeCollege.ac.uk,7
Mcintyre,Hubert,McintyreH@fakeCollege.ac.uk,13
Meyer,Frederic,MeyerF@fakeCollege.ac.uk,11
Gardiner,Andrew,GardinerA@fakeCollege.ac.uk,13
Shah,Arman,ShahA@fakeCollege.ac.uk,5
Kirkland,Cecelia,KirklandC@fakeCollege.ac.uk,11
Tyson,Mali,TysonM@fakeCollege.ac.uk,10
Collier,Madihah,CollierM@fakeCollege.ac.uk,8
Pena,Toyah,PenaT@fakeCollege.ac.uk,3
Rutledge,Nabilah,RutledgeN@fakeCollege.ac.uk,10
Salter,Rocco,SalterR@fakeCollege.ac.uk,3
Bird,Pierre,BirdP@fakeCollege.ac.uk,3
Lester,Gianni,LesterG@fakeCollege.ac.uk,4
Salas,Layla-Rose,SalasL@fakeCollege.ac.uk,14
Devine,Rhona,DevineR@fakeCollege.ac.uk,2
Felix,Sanya,FelixS@fakeCollege.ac.uk,5
Iles,Campbell,IlesC@fakeCollege.ac.uk,6
Ramirez,Mara,RamirezM@fakeCollege.ac.uk,2
Stout,Lily-Grace,StoutL@fakeCollege.ac.uk,6
Hardy,Etienne,HardyE@fakeCollege.ac.uk,6
Corrigan,Antonina,CorriganA@fakeCollege.ac.uk,5
Espinoza,Opal,EspinozaO@fakeCollege.ac.uk,14
Andrade,Brandi,AndradeB@fakeCollege.ac.uk,2
Lowery,Theodor,LoweryT@fakeCollege.ac.uk,15
Beck,Adem,BeckA@fakeCollege.ac.uk,2
Donnelly,Franklin,DonnellyF@fakeCollege.ac.uk,6
Leach,Seamus,LeachS@fakeCollege.ac.uk,4
Browning,Shanai,BrowningS@fakeCollege.ac.uk,1
Rollins,Shana,RollinsS@fakeCollege.ac.uk,2
Haworth,Kaydon,HaworthK@fakeCollege.ac.uk,7
Cantrell,Paolo,CantrellP@fakeCollege.ac.uk,8
